Name,Relationship Type,Groups / Contexts,Closeness Tier,State,Standing,Trajectory,Personal Context,Shared Interests,Years Known,Phone,Text,Files & media
Evan Dennis,Friend,"CFC, WORK",Regular,Inactive,Stable,Flat,Familiar,Park Bros,15,,,
Maddie Barton,Friend,CFC,Regular,Inactive,Stable,Flat,Superficial,CFA,9,(315) 267-6000‬,,
Tim Lashomb,Friend,"CFC, WORK",Regular,Active,Stable,Flat,Superficial,Airport,6,(315) 276-1743‬,,
Catherine Green,Family,FAMILY,Inner,Active,Stable,Flat,Exposed,Bagdad,25,‭(315) 244-7324‬,,
Jeeves Green,Family,"CFC, NTC",Inner,Active,Stable,Flat,Exposed,Clarkson,10,(315) 244-7261‬,,
John Meyers,Family,FAMILY,Regular,Active,Stable,Flat,Exposed,Bagdad,25,‭(315) 244-4755‬,,
Katelyn Matthews,Friend,CPH,Inner,Active,Stable,Flat,Exposed,CPH,2,‭(315) 250-9077‬,,
Elisa Meyers,Family,FAMILY,Regular,Active,Stable,Flat,Exposed,Bagdad,25,‭(315) 244-7574‬,,
Emilie Albert,Friend,CPH,Inner,Active,Stable,Flat,Familiar,Potsdam,2,‭(315) 600-7558‬,,
Vinnie Vetere,Acquaintance,CFC,Regular,Inactive,Stable,Flat,Limited,Gym,5,‭(516) 887-1515‬,,
Ellie Meyers,Family,FAMILY,Inner,Active,Stable,Flat,Exposed,Bagdad,25,‭(315) 261-0592‬,,
Lisa Criscitello,Acquaintance,CFC,Regular,Inactive,Stable,Flat,Limited,"CFA, Family",15,(315) 244-2233‬,,
Jamie Sinclair,Friend,CFC,Regular,Inactive,Stable,Flat,Exposed,Technology,11,(315) 528-1614‬,,
Philip Wangerin,Friend,CFC,Regular,Inactive,Stable,Flat,Familiar,CFA,11,(315) 212-7973‬,,
Samuel Wangerin,Friend,CFC,Regular,Inactive,Stable,Flat,Familiar,CFA,12,‭(607) 244-8741‬,,
Josh McGrath,Friend,CFC,Regular,Active,Stable,Flat,Exposed,Running,11,(315) 244-2936‬,,
Lael Card,Friend,CFC,Inner,Inactive,Stable,Flat,Exposed,CFA,12,‭(315) 244-5499‬,,
Whitney Verbeck,Friend,MUTUAL FRIENDS,Regular,Inactive,Stable,Flat,Limited,"Park Bros, Student",5,‭(716) 345-8595‬,,
Luke Boyle,Friend,CFC,Regular,Inactive,Stable,Improving,Familiar,CFA,15,(315) 566-5977‬,,
Mercy Maurer,Friend,MUTUAL FRIENDS,Regular,Inactive,Stable,Flat,Limited,Park Bros,9,‭(315) 212-8861‬,,
Maggie Marceau,Friend,"CFA, CFC",Regular,Inactive,Stable,Flat,Familiar,CFA,9,‭(518) 317-8734‬,,
Riley Criscitello,Friend,CFC,Regular,Inactive,Stable,Flat,Familiar,"CFA, Drones, Family, Tesla",15,(315) 212-1612‬,,
John Zufall,Friend,CFC,Regular,Active,Stable,Flat,Limited,,10,(315) 854-3209‬,,
Josiah McGrath,Friend,CFC,Regular,Inactive,Stable,Flat,Superficial,"Bagdad, Police",15,(315) 261-8529‬,,
Johnny Martin,Friend,MUTUAL FRIENDS,Inner,Inactive,Stable,Flat,Exposed,SUNY Canton,6,(631) 307-0343‬,,
Julia Tomford,Friend,NTC,,Active,Stable,Flat,Limited,Photography,10,‭(315) 276-8459‬,,
Josiah Martin,Friend,"CFA, CFC",Regular,Inactive,Stable,Flat,Limited,Photography,9,‭(315) 514-4482‬,,
Avery Criscitello,Friend,CFC,Regular,Inactive,Stable,Flat,Familiar,Family,15,(315) 244-7086‬,,
Emily Wangerin,Friend,MUTUAL FRIENDS,Inner,Inactive,Stable,Flat,Exposed,Student,6,(607) 373-9594‬,,
Elizabeth Deschaine,Friend,"CFC, WORK",Regular,Active,Stable,Flat,Familiar,CFA,15,‭(315) 742-2491‬,,
Ethan Bates,Friend,CFC,Inner,Inactive,Stable,Flat,Exposed,"Army, Park Bros",12,518) 353-4426‬,,
David Tomford,Friend,"CFC, NTC",Regular,Inactive,Stable,Flat,Limited,,15,(518) 560-1944‬,,
Melody Maurer,Friend,CFC,Inner,Active,Stable,Improving,Exposed,"Skiing, Travel",11,‭(315) 212-1727‬,,
Lydia Wangerin,Friend,"CFA, CFC",Inner,Inactive,Stable,Flat,Exposed,"CFA, SUNY Canton",11,(315) 742-7695‬,,
Megan Furner,Friend,CFC,Inner,Active,Stable,Flat,Exposed,"Park Bros, Student",5,(315) 601-3212,,
David Zufall,Friend,CFC,Inner,Active,Stable,Flat,Familiar,"Photography, Travel",12,(315) 355-1892‬,,
Gabe Paladin,Friend,"CFA, CFC",Inner,Inactive,Stable,Flat,Exposed,Park Bros,10,(315) 212-1652‬,,
Anne Wangerin,Friend,CFC,Regular,Inactive,Stable,Flat,Limited,,11,(315) 705-7915‬,,
Amber Ingram,Acquaintance,CBC,Regular,Active,Stable,Flat,Superficial,,4,,,
Hope Kilcollins,Friend,"CFC, WORK",Inner,Active,Stable,Flat,Exposed,Park Bros,3,(315) 229-8784‬,,
Lala,Friend,MUTUAL FRIENDS,Inner,Closed,Dormant,Flat,Exposed,Student,6,(607) 226-6175‬,,
Maria Tallo,Friend,"CFC, WORK",Inner,Closed,Dormant,Flat,Exposed,"Park Bros, Travel",8,‭(585) 415-5460‬,,
Brayden Amo,Friend,"CFA, CFC",Regular,Inactive,Dormant,Flat,Limited,CFA,15,315) 323-5053‬,,
James Meyers,Family,FAMILY,Regular,Active,Dormant,Improving,Familiar,Bagdad,22,(315) 265-8772‬,,
Bronwyn Paladin,Friend,CFC,Inner,Closed,Dormant,Unclear,Exposed,"CFA, Music, Skiing",9,‭(315) 212-4531‬,,
Darlene Sinclair,Acquaintance,CFC,Regular,Inactive,Dormant,Flat,Limited,CFA,15,(315) 212-4647‬,,
Daniel Paladin,Acquaintance,CFC,Regular,Inactive,Dormant,Flat,Exposed,CFA,15,‭(315) 276-0380‬,,
B. Ryan Dunphey,Friend,"CFC, WORK",Distant,Inactive,Dormant,Flat,Exposed,"Park Bros, Skiing, Tesla",15,(315) 566-9121‬,,
Tim Swyka,Colleague,"CFC, WORK",Distant,Closed,Dormant,Flat,Superficial,Clarkson,10,‭(845) 551-6708‬,"Supervisor at NexID and later Precise Biometrics, where we worked together in Peyton Hall at Clarkson University. He’s a Clarkson alum, now a lead engineer at Precise Biometrics, and we also knew each other through Christian Fellowship Center; he’s familiar with my family.",
Aaron Daniels,Friend,CFC,Regular,Inactive,Dormant,Flat,Exposed,,15,‭(315) 600-6180‬,,
Joel Moulton,Friend,CFC,Regular,Closed,Dormant,Unclear,Exposed,Golf,15,(315) 742-2146‬,,
Eli Thomas,Friend,"CFC, NTC",Inner,Closed,Dormant,Flat,Exposed,CFA,15,‭(315) 212-9571‬,,
Blake Amo,Friend,CFC,Regular,Inactive,Dormant,Flat,Limited,CFA,15,‭(315) 323-5066‬,,
Philip Dennis,Friend,"CFC, NTC",Distant,Inactive,Dormant,Flat,Familiar,CFA,15,(315) 323-1693‬,,
Molly Criscitello,Friend,"CFC, NTC",Regular,Closed,Dormant,Flat,Limited,"CFA, Family",13,,,
Josh White,Friend,NTC,Regular,Inactive,Dormant,Flat,Exposed,,8,(315) 296-8948‬,,
Ilene Lashomb,Friend,CFC,Regular,Inactive,Dormant,Flat,Superficial,Clarkson,10,(315) 854-3209‬,,
Jack Kessler,Friend,MUTUAL FRIENDS,Regular,Active,Dormant,Flat,Limited,,3,(315) 854-0331‬,,
Baxter Brown,Friend,CFC,Regular,Inactive,Dormant,Flat,Familiar,"CFA, Music",8,‭(262) 220-8219‬,,
Esther Brown,Friend,CFC,Regular,Inactive,Dormant,Flat,Familiar,CFA,8,‭(262) 202-3675‬,,
Destiny Ingram,Friend,CBC,Regular,Active,Dormant,Flat,Limited,,4,(205) 353-6173‬,,
Andrew Matott,Friend,CFC,Distant,Inactive,Dormant,Flat,Limited,Travel,12,(401) 339-6674‬,,
Anastasia Brown,Friend,CFC,Distant,Inactive,Dormant,Flat,Familiar,,11,(262) 287-7287‬,,
Ysabella Miller,Friend,NTC,Distant,Closed,Rebuilding,Flat,Familiar,Mexico,10,(518) 651-4890‬,,
Morgan Morse,Friend,CFC,Distant,Inactive,Rebuilding,Unclear,Exposed,"CFA, SUNY Canton",15,‭(315) 528-3916‬,,
Danielle Vetere,Friend,CFC,Inner,Closed,Rebuilding,Unclear,Exposed,"Park Bros, SUNY Potsdam",6,(631) 252-1166‬,,
Danielle Guimond,Friend,CPH,Inner,Closed,Strained,Flat,Familiar,CPH,2,(315) 276 5191,,
Olivia Huntly,Colleague,CPH,Regular,Closed,Strained,Unclear,Limited,Police,2,‭(315) 261-0435‬,,
Lacey Matott,Colleague,CPH,Regular,Closed,Strained,Unclear,Familiar,Wordle,2,‭(315) 212-2113‬,,
Christine Sutter,Friend,CPH,Inner,Closed,Strained,Unclear,Exposed,Hiking,2,‭(315) 250-1507‬,,
Caden Colbert,Friend,"CFC, NTC",Regular,Closed,Strained,Flat,Exposed,,15,(315) 742-7278‬,,
Silas Smith,Friend,CFC,Distant,Closed,Strained,Unclear,Exposed,CFA,13,(518) 651-5702‬,,
Nathaniel Tomford,Friend,"CFC, NTC",Inner,Inactive,Strained,Declining,Exposed,"Golf, SUNY Canton",15,‭(518) 560-0198‬,,
Katherine Cavellos,Friend,MUTUAL FRIENDS,Regular,Closed,Strained,Unclear,Exposed,,2,‭(360) 631-6010‬,,
